bhk,area_sqft,furnishing_status,location_type,mainroad_access,floor_number,parking_spaces,house_age,price
4,855,Unfurnished,Suburban,No,4,3,23,4397534
5,1847,Semi-Furnished,Urban,No,0,3,3,8524333
3,2363,Furnished,Urban,Yes,5,0,3,8850065
5,626,Unfurnished,Rural,Yes,1,0,28,3900965
5,1103,Unfurnished,Urban,Yes,3,0,17,5963770
2,2428,Semi-Furnished,Urban,No,5,0,26,7182728
3,1513,Furnished,Urban,Yes,9,1,10,6645945
3,550,Furnished,Urban,Yes,10,1,26,4163763
3,1930,Furnished,Urban,Yes,7,0,0,7765524
5,2292,Semi-Furnished,Urban,No,7,3,27,9090723
4,2136,Furnished,Suburban,Yes,10,1,9,8607275
3,2145,Semi-Furnished,Rural,Yes,5,3,8,7510105
5,2967,Semi-Furnished,Suburban,Yes,3,2,22,10368939
2,1705,Semi-Furnished,Urban,Yes,7,3,3,6920373
4,2354,Unfurnished,Urban,Yes,7,0,27,8348165
2,1066,Furnished,Rural,No,9,2,5,4071750
4,2918,Furnished,Suburban,No,0,1,29,9629924
5,1435,Semi-Furnished,Rural,No,3,1,15,6235801
1,2434,Semi-Furnished,Suburban,Yes,3,2,1,7763142
4,1832,Furnished,Urban,No,6,3,22,7851396
2,701,Semi-Furnished,Rural,No,10,1,17,3125181
5,2860,Furnished,Rural,No,6,0,9,9801424
4,616,Unfurnished,Urban,Yes,10,2,23,4535669
1,1436,Semi-Furnished,Rural,Yes,7,0,23,4028157
1,1074,Furnished,Suburban,No,10,2,16,3795728
3,2791,Semi-Furnished,Suburban,No,4,1,12,8870518
3,1036,Furnished,Suburban,Yes,6,3,23,5084248
2,2125,Furnished,Suburban,Yes,7,2,17,7444395
4,2622,Semi-Furnished,Urban,No,8,2,21,9904815
4,885,Unfurnished,Rural,Yes,2,0,12,4129291
3,974,Furnished,Suburban,No,2,1,16,4481674
4,917,Furnished,Urban,Yes,3,0,4,5699875
4,2894,Furnished,Rural,No,4,1,10,9664159
1,1438,Unfurnished,Rural,No,9,0,6,4027710
3,1454,Unfurnished,Urban,Yes,0,2,28,6231819
5,1375,Semi-Furnished,Urban,No,6,0,9,6272221
3,1262,Unfurnished,Suburban,No,8,3,16,4707614
5,1702,Semi-Furnished,Rural,No,7,1,14,6725824
1,1705,Semi-Furnished,Rural,Yes,4,1,17,5291960
2,1163,Unfurnished,Urban,Yes,3,2,22,4554370
4,524,Semi-Furnished,Rural,Yes,6,1,21,2938473
1,2490,Unfurnished,Suburban,No,4,3,18,7329235
4,1703,Semi-Furnished,Rural,Yes,6,0,29,6226231
2,1209,Unfurnished,Urban,No,0,2,25,4404458
2,2379,Unfurnished,Urban,No,0,3,1,7980392
1,1684,Semi-Furnished,Suburban,Yes,9,1,25,5066051
2,2724,Furnished,Suburban,Yes,2,1,3,9022107
5,784,Semi-Furnished,Rural,No,10,3,2,4944736
2,562,Unfurnished,Rural,No,1,0,6,2383812
4,1502,Furnished,Urban,Yes,1,0,23,6224074
4,1161,Semi-Furnished,Suburban,Yes,6,2,17,5591129
4,2703,Semi-Furnished,Suburban,Yes,9,1,9,9402289
4,1992,Semi-Furnished,Suburban,No,1,3,6,7858731
5,1466,Furnished,Rural,No,10,0,7,6317390
3,1348,Unfurnished,Suburban,No,3,2,5,5629568
1,1607,Semi-Furnished,Urban,No,1,1,21,4875632
4,1188,Semi-Furnished,Urban,No,5,1,25,5629098
2,647,Semi-Furnished,Rural,Yes,7,2,0,3529167
4,841,Semi-Furnished,Rural,Yes,9,2,3,5213829
2,1586,Semi-Furnished,Suburban,No,3,0,13,5208646
2,2224,Unfurnished,Rural,No,4,3,16,6754891
4,1883,Unfurnished,Urban,Yes,3,1,19,7216727
5,826,Semi-Furnished,Suburban,Yes,2,3,17,5096608
2,2292,Furnished,Urban,Yes,4,1,10,8348954
2,2259,Unfurnished,Suburban,Yes,8,1,28,6936387
4,1489,Furnished,Rural,No,7,3,20,6408202
2,2762,Unfurnished,Suburban,Yes,7,2,25,8130319
2,2982,Semi-Furnished,Suburban,No,7,0,13,8898980
4,1451,Unfurnished,Urban,Yes,7,1,8,7091263
4,1222,Semi-Furnished,Urban,Yes,6,2,26,6218941
1,2579,Unfurnished,Suburban,Yes,7,1,14,7572816
5,2832,Semi-Furnished,Rural,No,10,0,11,9561711
5,928,Semi-Furnished,Rural,No,7,1,9,4675823
2,2000,Semi-Furnished,Urban,Yes,7,0,18,7211114
5,785,Semi-Furnished,Rural,No,9,0,23,4080328
2,2565,Furnished,Urban,No,6,1,18,8503396
1,1268,Semi-Furnished,Rural,Yes,0,1,5,3907393
4,1894,Furnished,Suburban,Yes,3,0,19,7219108
4,693,Furnished,Urban,No,3,2,23,5059517
4,1487,Semi-Furnished,Urban,No,4,3,26,6578039
5,1636,Furnished,Suburban,No,9,0,5,7580655
1,2661,Unfurnished,Urban,Yes,5,1,7,8246853
5,2201,Semi-Furnished,Rural,Yes,3,1,0,8284120
5,1446,Furnished,Rural,No,1,2,21,6573413
1,1330,Semi-Furnished,Urban,Yes,5,3,16,5137021
1,2420,Semi-Furnished,Rural,Yes,7,0,16,6869737
1,554,Semi-Furnished,Urban,No,7,0,23,2430042
1,1299,Furnished,Suburban,No,6,3,14,4408876
4,1277,Unfurnished,Urban,Yes,5,0,6,6205358
3,1981,Unfurnished,Suburban,Yes,1,3,18,7681744
3,2401,Furnished,Rural,No,6,1,21,7731097
1,2709,Semi-Furnished,Suburban,Yes,10,3,24,8130996
3,2634,Furnished,Rural,Yes,4,0,22,8560068
3,554,Furnished,Urban,No,5,3,27,4037133
1,2323,Furnished,Rural,No,9,2,2,7009406
3,1701,Semi-Furnished,Urban,Yes,7,1,29,6404174
5,1332,Furnished,Urban,Yes,7,1,29,6946769
2,812,Semi-Furnished,Suburban,Yes,2,3,28,4027088
2,2358,Furnished,Suburban,No,6,0,21,7107787
1,2507,Unfurnished,Suburban,Yes,0,2,10,7852399
4,2506,Furnished,Suburban,Yes,0,1,19,9116658
1,2990,Furnished,Rural,No,6,1,29,7767446
4,2290,Unfurnished,Rural,No,9,0,28,7364526
2,827,Semi-Furnished,Rural,Yes,8,0,18,3150141
1,1787,Semi-Furnished,Urban,No,6,2,8,6259402
5,2643,Furnished,Rural,No,9,3,9,9719148
3,1611,Unfurnished,Rural,Yes,4,0,1,5795534
4,1811,Semi-Furnished,Rural,No,7,3,0,7276212
3,951,Furnished,Suburban,No,1,2,29,4455679
3,2023,Unfurnished,Rural,Yes,8,3,15,6608393
1,664,Semi-Furnished,Urban,No,5,1,17,2745751
3,681,Semi-Furnished,Suburban,Yes,8,3,22,4298381
5,1409,Unfurnished,Urban,Yes,1,2,25,6896072
3,1322,Unfurnished,Rural,No,2,2,16,4680253
1,1443,Unfurnished,Suburban,No,7,2,5,4435785
5,2501,Unfurnished,Urban,No,0,3,13,9526552
2,2554,Furnished,Rural,Yes,9,1,22,7390640
3,829,Unfurnished,Urban,No,6,0,24,3872243
1,1274,Semi-Furnished,Urban,Yes,6,1,14,4735312
2,2698,Semi-Furnished,Urban,No,0,3,13,8741682
2,646,Furnished,Rural,No,8,3,23,2991375
4,1414,Semi-Furnished,Rural,No,7,0,21,5387794
5,2071,Semi-Furnished,Urban,Yes,3,3,2,9806139
3,1808,Unfurnished,Suburban,No,9,2,23,5957623
1,581,Semi-Furnished,Suburban,No,10,2,22,2644376
4,1013,Furnished,Rural,Yes,4,2,18,5367120
5,2420,Unfurnished,Rural,Yes,1,2,24,8514181
4,2439,Unfurnished,Rural,No,8,2,11,8218147
5,1245,Furnished,Rural,No,5,3,1,6350973
5,1909,Unfurnished,Rural,No,2,0,2,7269637
3,1206,Unfurnished,Suburban,Yes,6,0,17,5176826
5,970,Furnished,Rural,Yes,8,2,28,5486121
4,895,Unfurnished,Urban,Yes,2,3,0,5889221
5,2055,Furnished,Urban,Yes,1,1,19,8821438
3,2808,Furnished,Suburban,No,6,1,20,8773188
3,1304,Semi-Furnished,Urban,Yes,6,3,28,5908306
4,1433,Semi-Furnished,Suburban,Yes,3,2,5,6923821
2,1779,Unfurnished,Suburban,Yes,10,0,4,5762066
2,2257,Unfurnished,Urban,No,8,3,0,7681482
5,1404,Furnished,Rural,No,7,1,18,6225253
1,1576,Unfurnished,Urban,Yes,0,1,0,5493069
5,2390,Furnished,Urban,Yes,0,1,26,9446495
4,2023,Furnished,Suburban,No,4,2,20,7672780
4,1887,Unfurnished,Urban,No,5,1,20,6994376
4,1803,Furnished,Suburban,No,2,3,15,7262675
4,1092,Semi-Furnished,Rural,No,8,3,11,5300685
4,2606,Unfurnished,Rural,No,9,1,26,7883526
3,627,Semi-Furnished,Rural,No,5,3,28,2837925
2,1235,Unfurnished,Urban,No,3,1,21,4491495
4,1020,Furnished,Suburban,No,6,1,7,5506391
1,736,Unfurnished,Rural,Yes,7,0,25,2100615
1,1804,Semi-Furnished,Suburban,Yes,8,2,15,5817083
1,2281,Furnished,Suburban,Yes,10,2,27,7071371
1,1801,Unfurnished,Rural,Yes,5,0,0,4953358
3,2551,Unfurnished,Rural,Yes,5,0,3,8216441
1,941,Unfurnished,Suburban,Yes,7,2,9,3749187
4,2576,Semi-Furnished,Rural,No,4,1,10,8508138
5,1304,Semi-Furnished,Suburban,No,2,1,16,6391184
1,574,Unfurnished,Suburban,Yes,2,2,24,2229500
3,2675,Furnished,Rural,Yes,5,1,26,8743081
3,2589,Furnished,Urban,No,1,0,22,8763398
1,1879,Semi-Furnished,Rural,No,5,1,6,5360189
5,540,Furnished,Urban,No,5,1,11,4976025
1,2581,Semi-Furnished,Suburban,Yes,7,3,20,7881047
3,2200,Unfurnished,Suburban,No,6,3,6,7974056
2,1901,Semi-Furnished,Urban,Yes,7,3,11,7067164
4,1087,Semi-Furnished,Suburban,Yes,8,1,14,5334996
3,2122,Unfurnished,Urban,No,5,2,1,8092260
1,841,Furnished,Urban,No,2,0,13,3423393
4,2574,Semi-Furnished,Suburban,Yes,9,1,12,9425106
1,1145,Semi-Furnished,Urban,No,2,2,3,4942387
1,1230,Unfurnished,Rural,No,10,1,13,3384640
2,667,Furnished,Rural,Yes,0,0,13,3243772
4,1109,Semi-Furnished,Suburban,No,10,1,15,4991761
4,2815,Unfurnished,Suburban,Yes,4,0,6,9768446
2,2272,Semi-Furnished,Urban,Yes,3,1,18,7809884
3,2540,Unfurnished,Urban,No,8,0,1,8724607
1,954,Furnished,Urban,Yes,8,1,9,4225885
5,2208,Furnished,Urban,Yes,4,0,17,8847783
1,1201,Furnished,Rural,No,9,3,28,3893150
1,2099,Furnished,Rural,No,3,1,16,5564819
3,629,Semi-Furnished,Suburban,No,6,1,4,3679029
1,2345,Semi-Furnished,Urban,Yes,5,2,11,7930736
2,1886,Furnished,Urban,Yes,3,2,5,7453379
2,1192,Furnished,Suburban,No,9,0,21,4749668
4,1894,Furnished,Urban,Yes,1,1,8,8430021
5,1293,Semi-Furnished,Urban,No,0,0,19,6221720
1,528,Furnished,Urban,No,3,3,0,3475462
1,648,Furnished,Urban,Yes,3,2,21,3490525
3,1819,Furnished,Urban,No,0,0,14,6651064
2,2558,Unfurnished,Suburban,Yes,5,0,20,7506920
5,1636,Furnished,Urban,Yes,3,2,25,7777847
4,686,Unfurnished,Suburban,No,0,1,5,3757755
2,1750,Unfurnished,Urban,Yes,0,0,18,6124498
4,1833,Furnished,Rural,No,0,2,17,6892685
3,597,Unfurnished,Rural,Yes,7,1,5,3007921
3,554,Furnished,Rural,Yes,9,3,12,3875842
1,1257,Semi-Furnished,Rural,Yes,7,2,0,4585674
5,905,Semi-Furnished,Suburban,No,1,0,22,4967906
4,2616,Semi-Furnished,Suburban,Yes,10,3,22,9385186
2,1812,Semi-Furnished,Urban,No,6,1,25,6298288
3,2285,Unfurnished,Rural,Yes,7,1,12,7558544
1,1250,Furnished,Suburban,Yes,7,2,6,4966480
1,2262,Furnished,Urban,No,10,2,14,7210077
4,864,Furnished,Urban,No,9,2,11,5495320
3,2526,Semi-Furnished,Suburban,No,10,1,26,8284096
5,981,Semi-Furnished,Rural,No,6,3,25,4983174
3,2748,Furnished,Urban,No,4,1,0,10139587
4,653,Semi-Furnished,Rural,Yes,0,0,14,3747373
4,2024,Furnished,Rural,Yes,8,1,3,7856481
3,2620,Furnished,Rural,No,6,0,12,8075502
4,2843,Furnished,Urban,Yes,1,3,22,10662154
3,1540,Furnished,Rural,Yes,5,2,26,5481555
2,2164,Furnished,Urban,Yes,1,2,24,7620791
3,1740,Furnished,Rural,No,0,1,4,6101575
3,560,Furnished,Urban,Yes,6,2,28,4167067
4,1438,Semi-Furnished,Rural,Yes,1,3,1,6723889
4,2139,Furnished,Suburban,Yes,1,2,22,8436701
1,2589,Furnished,Rural,No,10,1,25,6548168
1,524,Semi-Furnished,Rural,Yes,4,3,0,3168413
2,1562,Semi-Furnished,Urban,Yes,4,0,15,5964055
1,630,Semi-Furnished,Urban,No,6,1,22,2629700
3,1752,Furnished,Rural,No,0,0,5,6211425
4,607,Unfurnished,Suburban,Yes,7,3,22,4262737
1,671,Unfurnished,Suburban,Yes,2,1,15,2594130
1,1958,Semi-Furnished,Urban,No,3,1,13,6324583
2,601,Unfurnished,Suburban,No,8,3,28,2671005
2,2822,Semi-Furnished,Rural,No,3,2,25,7974127
3,2136,Furnished,Urban,No,9,1,2,8012744
4,1540,Unfurnished,Rural,No,4,1,14,5433465
2,829,Furnished,Urban,No,6,0,2,4261667
1,2020,Unfurnished,Urban,No,3,2,22,6327059
4,511,Furnished,Urban,Yes,0,0,28,4320476
4,1841,Unfurnished,Urban,No,8,0,1,7546485
1,715,Furnished,Suburban,No,3,2,0,3452368
2,838,Furnished,Rural,Yes,8,2,8,3828454
1,2299,Unfurnished,Rural,No,5,3,8,6705432
4,2250,Furnished,Rural,No,0,2,22,7613496
5,2008,Furnished,Urban,Yes,2,1,6,8869865
5,2921,Furnished,Suburban,No,10,2,2,10669659
3,1209,Unfurnished,Rural,Yes,1,3,25,4988511
1,1723,Unfurnished,Suburban,Yes,8,3,17,5806057
1,1612,Furnished,Urban,Yes,0,3,10,6377461
3,1791,Furnished,Rural,Yes,8,2,6,7071885
3,988,Unfurnished,Suburban,No,8,2,8,4334143
3,2061,Unfurnished,Urban,Yes,7,0,0,7822219
4,546,Furnished,Suburban,Yes,7,0,28,3879965
1,1277,Furnished,Rural,No,10,1,13,4151876
4,1539,Furnished,Rural,Yes,0,0,19,6144455
3,1210,Semi-Furnished,Urban,Yes,10,1,5,5798011
1,900,Unfurnished,Urban,Yes,7,3,6,4288181
4,2317,Semi-Furnished,Urban,Yes,9,0,9,9087733
4,749,Unfurnished,Suburban,No,2,2,6,4318830
3,890,Unfurnished,Suburban,Yes,10,0,25,3912784
1,834,Unfurnished,Suburban,No,6,1,1,2903311
3,1128,Unfurnished,Urban,No,10,0,29,4040387
1,636,Unfurnished,Rural,Yes,0,3,3,2820091
5,2021,Unfurnished,Rural,Yes,0,2,20,7874281
2,1326,Unfurnished,Suburban,Yes,9,1,29,4637413
2,1226,Semi-Furnished,Suburban,Yes,4,2,27,4335087
2,2000,Furnished,Rural,No,4,2,16,6309830
3,1489,Furnished,Rural,No,7,1,0,5328830
5,2919,Semi-Furnished,Suburban,No,6,2,9,10791440
1,1434,Semi-Furnished,Suburban,Yes,7,2,18,4707789
4,901,Semi-Furnished,Rural,No,5,0,14,4423580
1,1966,Semi-Furnished,Urban,Yes,5,2,9,7024173
4,1114,Unfurnished,Suburban,Yes,1,2,18,5244881
1,1796,Furnished,Rural,Yes,5,2,11,5543443
5,1682,Unfurnished,Rural,Yes,4,2,23,6915074
4,2735,Furnished,Rural,Yes,2,1,15,9218635
3,1621,Furnished,Rural,No,5,3,8,6262996
1,630,Semi-Furnished,Urban,No,7,0,14,2698434
1,1694,Unfurnished,Rural,Yes,8,2,29,4398768
4,682,Semi-Furnished,Suburban,No,0,2,26,3638906
3,863,Unfurnished,Urban,Yes,2,1,27,4412836
3,538,Furnished,Rural,Yes,2,3,16,3562688
5,1872,Semi-Furnished,Urban,Yes,10,2,13,8409382
3,1420,Semi-Furnished,Suburban,No,7,1,26,5419172
3,515,Furnished,Rural,Yes,0,0,17,3382188
3,992,Furnished,Suburban,Yes,4,0,25,4525491
2,1949,Furnished,Rural,No,2,2,1,6484380
5,1631,Semi-Furnished,Rural,No,1,2,3,7117528
1,810,Unfurnished,Rural,No,7,3,17,2363612
4,1238,Semi-Furnished,Rural,Yes,2,3,6,5969630
1,1045,Unfurnished,Rural,Yes,6,2,12,3582877
5,2961,Semi-Furnished,Urban,No,10,1,14,10908546
4,750,Semi-Furnished,Rural,Yes,0,3,24,3957649
5,1258,Furnished,Rural,No,5,2,22,5752728
3,2304,Unfurnished,Urban,No,2,3,27,7794347
4,1797,Semi-Furnished,Urban,Yes,7,2,21,7692477
3,2131,Semi-Furnished,Urban,Yes,5,0,25,7723648
1,2414,Furnished,Urban,No,1,2,0,8334342
1,1313,Furnished,Urban,No,5,0,10,4683506
4,528,Unfurnished,Urban,No,6,3,9,4290485
4,1457,Semi-Furnished,Rural,No,4,2,24,5892434
5,2532,Unfurnished,Rural,Yes,2,3,4,9559315
5,976,Semi-Furnished,Suburban,No,3,0,15,5493530
3,817,Unfurnished,Rural,No,3,2,10,3700245
4,744,Furnished,Rural,No,5,3,20,4078576
1,1247,Semi-Furnished,Urban,Yes,9,0,5,4550874
5,1196,Unfurnished,Urban,Yes,0,3,8,6569697
5,771,Furnished,Rural,No,10,1,12,4869910
1,2271,Furnished,Suburban,Yes,3,0,23,7055219
5,1762,Unfurnished,Urban,Yes,9,0,7,8234872
3,2924,Semi-Furnished,Rural,Yes,3,0,13,9218621
4,765,Semi-Furnished,Rural,No,9,2,23,4185067
1,1420,Furnished,Suburban,No,0,2,0,5033996
4,839,Semi-Furnished,Suburban,Yes,8,2,16,4746216
5,888,Semi-Furnished,Urban,No,3,1,23,5580015
5,2550,Semi-Furnished,Suburban,No,6,1,4,9628536
1,1665,Furnished,Rural,Yes,2,0,24,4903988
3,875,Unfurnished,Rural,Yes,9,1,1,4194974
2,2533,Semi-Furnished,Suburban,No,2,3,24,7967137
1,2871,Furnished,Suburban,Yes,7,0,27,8494263
2,645,Furnished,Suburban,No,7,0,29,3091497
2,2481,Unfurnished,Suburban,No,10,3,23,7701344
3,792,Semi-Furnished,Urban,Yes,0,0,8,4789160
2,931,Semi-Furnished,Suburban,No,9,1,3,4120312
2,1204,Unfurnished,Urban,No,1,2,16,4697766
3,2498,Unfurnished,Rural,Yes,7,3,16,8326312
2,898,Furnished,Suburban,Yes,0,1,20,3816100
2,1463,Furnished,Urban,Yes,7,3,17,6478278
2,2734,Unfurnished,Suburban,No,7,3,15,8146095
1,2541,Semi-Furnished,Rural,Yes,1,0,29,6829660
1,2328,Furnished,Rural,Yes,3,0,7,6710969
1,2608,Furnished,Rural,Yes,5,1,25,7480677
3,1438,Semi-Furnished,Suburban,Yes,10,3,10,6238214
5,1209,Furnished,Suburban,No,8,0,20,5603548
2,1306,Semi-Furnished,Urban,No,7,0,20,4949139
2,1963,Semi-Furnished,Rural,Yes,7,3,17,6401915
3,1825,Semi-Furnished,Suburban,No,6,1,22,6548729
2,510,Unfurnished,Rural,Yes,8,1,28,2165265
1,1585,Unfurnished,Rural,Yes,1,3,23,4831584
5,2368,Unfurnished,Urban,No,2,1,9,8998486
4,2773,Semi-Furnished,Urban,No,9,0,12,9574633
2,1271,Semi-Furnished,Urban,Yes,7,3,16,5515772
1,2094,Unfurnished,Urban,Yes,5,0,17,6666340
4,2107,Furnished,Rural,No,9,2,9,8122975
5,1833,Semi-Furnished,Urban,Yes,8,2,15,8221465
4,1384,Furnished,Urban,No,9,1,19,6645369
1,1889,Furnished,Urban,Yes,3,2,4,6508564
4,725,Semi-Furnished,Urban,Yes,7,0,12,4633662
3,1324,Semi-Furnished,Rural,No,9,2,17,4778244
4,2765,Furnished,Urban,No,2,0,16,9521998
2,1436,Furnished,Rural,No,2,1,8,4663282
2,2806,Unfurnished,Suburban,No,7,1,13,8387599
3,2411,Unfurnished,Rural,No,4,0,16,7164686
1,2296,Semi-Furnished,Rural,No,2,2,28,6255881
2,553,Unfurnished,Urban,No,9,1,3,3410594
5,1226,Unfurnished,Suburban,Yes,10,3,17,6428123
2,2044,Unfurnished,Suburban,Yes,0,1,26,6571552
2,1543,Unfurnished,Suburban,Yes,2,2,19,5463593
1,2413,Furnished,Suburban,No,8,3,23,7085101
4,2276,Semi-Furnished,Rural,No,4,2,23,7941562
2,2096,Unfurnished,Suburban,No,9,0,14,6242177
3,2414,Furnished,Rural,Yes,1,3,10,8297880
4,2966,Furnished,Rural,No,6,2,11,9859416
5,1349,Furnished,Rural,No,1,3,8,6379937
1,2609,Unfurnished,Suburban,Yes,3,2,12,7699013
5,2763,Unfurnished,Urban,No,6,3,14,10446310
4,502,Semi-Furnished,Urban,Yes,3,2,26,4404668
4,659,Unfurnished,Suburban,Yes,6,0,14,3887933
4,1280,Unfurnished,Urban,No,6,3,27,5812458
5,1392,Furnished,Urban,No,0,3,4,7764866
4,2530,Semi-Furnished,Rural,No,5,3,22,8634280
5,2876,Unfurnished,Rural,Yes,8,3,18,10495013
4,1079,Unfurnished,Suburban,Yes,1,0,25,5133525
3,2433,Furnished,Suburban,Yes,2,3,19,8981358
4,1880,Furnished,Urban,No,9,1,25,7272426
5,1790,Unfurnished,Rural,No,4,0,24,6647772
2,2140,Semi-Furnished,Suburban,No,8,1,25,6589378
4,1451,Semi-Furnished,Suburban,No,3,3,25,6067303
2,1487,Furnished,Suburban,Yes,0,2,13,5891103
3,1718,Furnished,Suburban,Yes,3,1,27,6694042
1,1420,Unfurnished,Suburban,Yes,5,3,16,4980166
3,1855,Furnished,Suburban,Yes,4,1,17,6871805
4,669,Unfurnished,Urban,No,0,3,20,4670991
2,1020,Semi-Furnished,Rural,No,3,3,2,4032482
2,1986,Semi-Furnished,Rural,No,5,3,1,6638336
5,539,Unfurnished,Suburban,Yes,9,2,0,4786829
2,2060,Furnished,Rural,Yes,9,1,9,6776226
5,1918,Semi-Furnished,Rural,No,3,0,18,7288248
1,1454,Furnished,Rural,No,8,0,16,4006961
4,1483,Semi-Furnished,Suburban,Yes,4,0,11,6776539
5,1474,Unfurnished,Suburban,No,7,0,0,6220782
1,537,Unfurnished,Rural,Yes,8,3,11,2252966
2,2875,Unfurnished,Rural,Yes,9,1,16,8391542
2,1774,Semi-Furnished,Suburban,Yes,4,1,23,6141862
1,1699,Furnished,Urban,No,5,2,2,6187404
2,2125,Furnished,Rural,No,0,1,10,6651021
1,1413,Furnished,Urban,Yes,10,1,16,5444610
5,953,Semi-Furnished,Rural,No,6,1,22,4746286
5,536,Semi-Furnished,Urban,Yes,3,2,25,5218636
1,2211,Semi-Furnished,Urban,Yes,10,0,2,7455369
5,1295,Semi-Furnished,Urban,Yes,1,1,7,7222064
5,1472,Semi-Furnished,Suburban,Yes,4,2,19,6806768
5,1092,Furnished,Urban,No,2,2,3,6654122
3,1637,Semi-Furnished,Urban,Yes,5,3,20,6882406
4,1824,Semi-Furnished,Urban,Yes,7,2,21,7538879
2,2771,Furnished,Rural,No,6,0,6,8279532
3,817,Semi-Furnished,Urban,Yes,2,1,13,4624970
5,2896,Furnished,Rural,Yes,7,2,13,10611080
1,2662,Furnished,Urban,No,1,0,3,8080961
5,1846,Unfurnished,Urban,No,9,2,15,8258808
4,2091,Unfurnished,Suburban,No,8,2,23,7288233
5,2389,Unfurnished,Rural,Yes,3,2,28,8556360
1,2587,Unfurnished,Urban,No,0,2,21,7805871
4,2496,Semi-Furnished,Rural,No,7,2,29,8045871
5,2272,Unfurnished,Rural,Yes,6,0,0,8650493
4,1812,Furnished,Suburban,Yes,10,1,16,7214163
2,1785,Semi-Furnished,Suburban,Yes,4,1,24,6322923
2,715,Unfurnished,Suburban,Yes,9,1,9,3460329
5,2883,Furnished,Suburban,Yes,4,1,21,10418217
4,2639,Semi-Furnished,Suburban,No,6,0,15,8837663
1,2900,Semi-Furnished,Suburban,No,4,3,15,8661783
5,2204,Unfurnished,Suburban,No,7,3,25,8243108
2,862,Semi-Furnished,Suburban,Yes,10,0,7,3765128
2,2216,Furnished,Urban,Yes,5,0,28,7435692
5,1693,Semi-Furnished,Rural,Yes,4,2,6,7177107
4,855,Furnished,Suburban,No,8,2,27,5061608
2,690,Semi-Furnished,Suburban,No,10,2,5,3411721
4,2969,Unfurnished,Rural,Yes,1,1,15,9738823
2,1199,Furnished,Urban,No,0,2,19,5159394
2,2554,Semi-Furnished,Rural,Yes,7,3,15,7838093
3,2680,Semi-Furnished,Rural,No,2,1,6,8428809
2,1056,Semi-Furnished,Suburban,No,10,2,8,4536800
1,1325,Furnished,Rural,No,6,1,13,4064847
5,1554,Furnished,Rural,Yes,9,3,10,7573622
5,925,Furnished,Suburban,No,10,2,25,5616803
4,2910,Unfurnished,Suburban,No,7,3,25,9808782
2,2074,Unfurnished,Suburban,Yes,5,3,13,6983068
1,2629,Furnished,Suburban,No,9,3,6,7986531
4,2903,Semi-Furnished,Rural,Yes,8,2,0,9934782
3,1088,Unfurnished,Rural,Yes,6,0,25,4059248
4,2512,Furnished,Urban,Yes,9,2,24,9709157
4,2047,Semi-Furnished,Urban,Yes,4,3,12,8193185
2,794,Unfurnished,Rural,Yes,7,2,19,3203377
3,2485,Semi-Furnished,Urban,No,1,3,2,9154117
4,1747,Semi-Furnished,Rural,Yes,6,0,19,6431991
1,2048,Semi-Furnished,Urban,Yes,3,1,3,7268254
1,2190,Semi-Furnished,Suburban,Yes,8,0,28,6399356
5,1636,Unfurnished,Urban,Yes,0,0,25,7452038
3,1756,Unfurnished,Suburban,No,6,1,10,6196807
3,2564,Unfurnished,Suburban,Yes,5,2,1,9077495
5,859,Furnished,Suburban,No,7,1,13,5664513
4,1199,Unfurnished,Suburban,Yes,4,2,11,6039838
3,947,Semi-Furnished,Urban,No,0,2,29,4369071
1,2912,Unfurnished,Rural,Yes,0,3,16,8159264
1,1174,Semi-Furnished,Suburban,Yes,8,3,11,4495967
2,1507,Furnished,Urban,No,9,1,25,5715350
3,1849,Semi-Furnished,Suburban,Yes,5,0,11,6939770
4,2961,Semi-Furnished,Urban,No,9,1,0,10384721
5,1085,Semi-Furnished,Urban,Yes,4,2,12,6586067
5,1756,Furnished,Urban,No,0,3,13,7876014
4,1747,Unfurnished,Rural,Yes,5,1,23,6645889
2,1493,Unfurnished,Urban,Yes,5,1,29,5300025
5,1935,Furnished,Urban,No,2,3,1,8978672
3,1071,Semi-Furnished,Rural,Yes,7,3,11,4845570
2,2882,Unfurnished,Rural,Yes,0,3,25,8684205
3,1745,Furnished,Urban,Yes,0,2,20,6694998
1,2584,Unfurnished,Rural,Yes,5,3,27,7166677
2,1488,Furnished,Suburban,Yes,9,0,15,5498836
5,777,Semi-Furnished,Suburban,Yes,0,1,3,5341772
2,1719,Unfurnished,Rural,No,5,3,7,5952745
2,2387,Furnished,Rural,No,0,3,1,7620034
2,983,Unfurnished,Urban,No,5,2,9,4531859
2,1765,Unfurnished,Rural,Yes,2,2,8,5923750
3,1230,Unfurnished,Urban,No,7,1,22,5337303
1,2739,Unfurnished,Suburban,Yes,5,0,14,7634062
4,1540,Furnished,Rural,Yes,10,1,12,6313406
2,1417,Semi-Furnished,Urban,Yes,0,3,22,6071713
5,2948,Furnished,Urban,Yes,4,0,16,11135064
2,1385,Furnished,Suburban,No,7,0,29,4373512
5,521,Furnished,Rural,Yes,2,0,15,4094638
3,973,Semi-Furnished,Suburban,No,5,0,27,4069776
5,2757,Unfurnished,Urban,Yes,4,1,1,10790052
4,2853,Unfurnished,Urban,No,5,2,19,9716653
1,1203,Unfurnished,Rural,No,9,2,19,2844648
5,1186,Semi-Furnished,Urban,No,0,3,26,6499644
5,784,Unfurnished,Rural,No,6,2,13,4255935
1,1215,Semi-Furnished,Suburban,No,8,2,2,3994032
4,1262,Unfurnished,Rural,No,1,2,22,4448534
2,1750,Unfurnished,Rural,Yes,9,2,11,5917796
5,1447,Furnished,Urban,No,4,3,7,7653223
1,2928,Semi-Furnished,Urban,Yes,9,1,1,9204868
3,1530,Furnished,Rural,No,3,0,3,5942804
1,528,Furnished,Urban,Yes,5,2,13,3487464
3,1406,Furnished,Urban,No,5,1,15,6388260
4,2626,Semi-Furnished,Urban,No,10,2,18,9226452
2,1069,Semi-Furnished,Rural,Yes,1,2,1,4445589
1,2506,Unfurnished,Urban,No,1,0,11,7021657
5,1953,Furnished,Rural,No,3,0,28,7176623
4,1237,Unfurnished,Urban,No,0,0,13,5582776
1,1015,Furnished,Suburban,Yes,8,2,5,4462822
5,2500,Semi-Furnished,Urban,No,6,2,12,9819112
1,2944,Semi-Furnished,Urban,Yes,6,2,3,9524681
3,538,Semi-Furnished,Rural,No,2,0,21,2765688
1,1386,Furnished,Rural,No,10,3,17,4905985
1,2704,Semi-Furnished,Urban,Yes,2,1,11,8426940
1,1598,Furnished,Suburban,No,0,3,19,5176795
4,2323,Unfurnished,Urban,No,2,2,26,8436716
1,2210,Furnished,Urban,Yes,2,2,21,7244543
5,1473,Unfurnished,Suburban,No,3,3,29,6748892
3,2062,Furnished,Rural,Yes,3,2,20,7198356
3,1488,Unfurnished,Urban,Yes,2,1,18,5996884
1,520,Semi-Furnished,Rural,Yes,9,2,7,2365736
4,2850,Unfurnished,Rural,No,7,1,6,9298683
4,1368,Semi-Furnished,Suburban,Yes,7,3,15,6438450
5,583,Semi-Furnished,Suburban,Yes,0,3,18,4819166
1,2182,Unfurnished,Rural,No,6,2,5,6488070
3,2476,Furnished,Urban,Yes,10,1,19,8788766
4,1910,Furnished,Rural,No,1,2,26,6962113
1,2030,Furnished,Urban,No,0,0,20,6505461
4,1069,Furnished,Urban,No,2,0,10,5346232
4,1433,Furnished,Suburban,No,3,0,4,6398552
3,2480,Semi-Furnished,Urban,Yes,5,0,15,8488978
2,2355,Furnished,Urban,Yes,9,2,6,8732056
5,1292,Semi-Furnished,Rural,Yes,4,0,26,5517469
5,1291,Semi-Furnished,Suburban,Yes,3,1,4,6836053
3,2309,Semi-Furnished,Urban,Yes,7,3,10,9043666
4,1794,Unfurnished,Urban,No,10,3,14,7627287
1,2755,Unfurnished,Suburban,Yes,3,0,2,8097763
4,2107,Semi-Furnished,Rural,Yes,9,0,25,7221239
3,1583,Unfurnished,Suburban,Yes,1,0,4,5962216
5,2977,Furnished,Suburban,No,2,2,22,10896706
4,1484,Furnished,Urban,No,5,3,20,6820100
5,2180,Semi-Furnished,Urban,Yes,7,0,4,8962586
1,1019,Furnished,Rural,No,7,1,8,3570573
5,1090,Semi-Furnished,Urban,Yes,10,0,14,6085772
5,1550,Semi-Furnished,Urban,Yes,8,3,2,7894987
2,2209,Furnished,Suburban,No,6,0,28,6473779
2,2535,Unfurnished,Urban,No,1,3,5,8390918
2,2746,Furnished,Rural,Yes,7,0,16,8228456
5,2934,Furnished,Suburban,Yes,6,1,25,10633618
3,848,Semi-Furnished,Rural,No,7,0,20,3610261
5,1459,Semi-Furnished,Suburban,Yes,2,1,7,7162879
3,2463,Semi-Furnished,Urban,No,6,1,20,8369325
3,1192,Semi-Furnished,Suburban,Yes,9,0,24,4860360
2,2059,Unfurnished,Suburban,No,8,1,10,6599531
4,877,Unfurnished,Urban,Yes,2,2,5,5747014
1,1026,Unfurnished,Urban,Yes,9,0,7,4050262
2,2753,Semi-Furnished,Rural,No,5,0,9,7808673
2,1759,Semi-Furnished,Rural,Yes,1,1,23,5388926
4,2375,Semi-Furnished,Urban,Yes,1,1,28,8538458
1,2263,Unfurnished,Urban,No,4,0,2,7050753
5,1020,Semi-Furnished,Urban,Yes,4,2,22,6325595
5,2201,Furnished,Suburban,Yes,6,1,13,9107972
2,1516,Furnished,Suburban,Yes,1,1,22,5574268
1,1513,Semi-Furnished,Suburban,No,10,3,13,5353886
2,616,Furnished,Urban,No,6,2,9,3763176
3,2933,Furnished,Rural,No,4,2,11,9503553
2,1867,Unfurnished,Urban,Yes,5,0,5,6659751
2,1083,Semi-Furnished,Suburban,Yes,7,2,11,4565829
5,894,Semi-Furnished,Suburban,Yes,9,0,22,5313506
5,1587,Unfurnished,Urban,Yes,3,3,13,7839427
5,571,Furnished,Urban,No,6,2,1,5478894
3,773,Furnished,Suburban,Yes,5,1,8,4538755
5,2513,Semi-Furnished,Suburban,Yes,9,3,9,9944921
1,1843,Furnished,Suburban,Yes,1,0,25,6185174
4,837,Unfurnished,Urban,No,7,3,16,5259351
1,1889,Unfurnished,Suburban,Yes,9,0,16,5747065
1,1106,Semi-Furnished,Suburban,Yes,8,3,2,4597359
5,665,Unfurnished,Rural,Yes,4,0,29,4083931
4,2067,Unfurnished,Urban,Yes,9,2,18,8311098
4,2558,Semi-Furnished,Rural,Yes,3,1,0,9050240
4,1824,Unfurnished,Rural,No,5,0,11,6279287
3,1228,Unfurnished,Suburban,Yes,7,3,6,5583816
5,2543,Unfurnished,Urban,Yes,10,0,3,9263414
4,601,Furnished,Suburban,Yes,2,0,9,4464620
3,1915,Semi-Furnished,Urban,Yes,9,0,12,7249804
2,1278,Semi-Furnished,Rural,Yes,10,3,1,5443533
2,713,Semi-Furnished,Urban,Yes,10,1,9,4056368
3,1611,Furnished,Suburban,Yes,0,2,20,6289707
3,2076,Furnished,Suburban,Yes,3,1,21,7510023
5,2948,Semi-Furnished,Suburban,Yes,3,0,24,10080775
5,2195,Furnished,Urban,Yes,0,3,3,9972181
2,1091,Semi-Furnished,Rural,No,8,1,17,3795689
4,1833,Furnished,Rural,No,2,0,4,7094067
2,1609,Unfurnished,Urban,No,4,2,18,5604323
4,2639,Unfurnished,Suburban,No,5,2,1,9284301
4,1213,Semi-Furnished,Rural,Yes,7,2,11,5339495
5,1435,Furnished,Suburban,No,5,0,16,6707798
1,2451,Furnished,Urban,No,2,3,9,8201274
1,741,Unfurnished,Suburban,Yes,5,1,1,3281661
3,2543,Unfurnished,Rural,No,0,2,5,8057823
5,501,Furnished,Rural,No,3,0,7,4095454
4,2772,Furnished,Suburban,Yes,5,0,28,9790867
1,2268,Furnished,Urban,Yes,6,1,18,7402981
4,2449,Furnished,Suburban,Yes,10,2,10,9350229
1,2663,Furnished,Urban,No,10,0,24,7660274
1,1417,Furnished,Suburban,No,9,1,11,4598847
1,2741,Semi-Furnished,Rural,Yes,2,3,8,8162062
5,589,Furnished,Urban,Yes,8,3,1,6123286
2,2209,Unfurnished,Urban,No,6,3,7,7581243
4,2669,Semi-Furnished,Urban,Yes,0,2,25,9725316
5,642,Furnished,Rural,No,1,1,10,4373622
5,605,Unfurnished,Suburban,Yes,0,1,27,4215548
5,1386,Semi-Furnished,Rural,Yes,10,0,20,6123994
5,927,Unfurnished,Urban,No,8,0,3,5258048
5,1828,Furnished,Suburban,Yes,8,0,9,8246187
3,2395,Furnished,Rural,Yes,6,1,20,7804415
4,2494,Furnished,Urban,Yes,9,0,19,9499380
5,816,Furnished,Urban,No,2,1,15,5336000
4,2486,Semi-Furnished,Rural,Yes,4,1,7,8858768
3,1134,Semi-Furnished,Rural,Yes,3,3,3,5359388
3,2425,Unfurnished,Rural,Yes,6,0,28,7379340
4,2556,Furnished,Urban,Yes,8,3,9,9961114
1,2770,Unfurnished,Rural,Yes,1,2,11,7854909
2,1939,Semi-Furnished,Urban,Yes,7,2,28,6650888
1,1052,Furnished,Rural,No,8,2,13,3519447
1,1215,Furnished,Urban,No,9,1,15,4793382
1,1787,Semi-Furnished,Urban,Yes,9,1,21,6156840
5,2213,Semi-Furnished,Suburban,No,8,1,17,8445536
3,2383,Semi-Furnished,Rural,No,9,0,20,7062538
1,1607,Semi-Furnished,Rural,Yes,6,3,21,5176617
3,1841,Semi-Furnished,Urban,No,8,1,20,6856376
4,610,Furnished,Urban,No,8,3,11,4490936
2,750,Semi-Furnished,Urban,No,2,3,17,4141525
4,2930,Furnished,Suburban,No,3,3,29,9990153
4,2554,Furnished,Suburban,No,1,0,6,9305490
5,958,Semi-Furnished,Urban,No,9,0,19,5295945
2,1607,Semi-Furnished,Rural,No,2,2,23,4422159
4,707,Furnished,Rural,No,10,2,22,4083316
4,1399,Semi-Furnished,Suburban,Yes,10,3,6,6785812
2,521,Semi-Furnished,Suburban,Yes,4,2,8,3004365
2,909,Semi-Furnished,Urban,No,4,3,0,4526800
4,1394,Unfurnished,Rural,No,5,0,25,5536043
2,1014,Furnished,Urban,Yes,6,0,5,4873877
4,1308,Unfurnished,Suburban,No,6,0,5,5716191
4,1373,Semi-Furnished,Rural,No,0,1,21,5232368
5,513,Unfurnished,Rural,Yes,1,3,28,3554439
1,1470,Semi-Furnished,Suburban,Yes,8,0,11,4820948
4,2634,Unfurnished,Urban,Yes,9,3,21,9661879
3,2060,Semi-Furnished,Urban,No,1,2,11,7650024
1,1824,Unfurnished,Rural,No,5,2,9,5157071
1,1766,Unfurnished,Suburban,Yes,10,0,22,5227853
1,2669,Unfurnished,Rural,Yes,10,3,29,7312476
5,1249,Furnished,Suburban,No,0,0,25,5669698
4,1184,Unfurnished,Urban,Yes,2,2,5,6357236
5,2427,Furnished,Suburban,No,1,0,16,8657625
4,2856,Semi-Furnished,Urban,No,2,3,18,9819928
5,1194,Unfurnished,Suburban,Yes,4,2,17,6292836
5,2835,Semi-Furnished,Rural,Yes,10,1,5,10238904
3,806,Semi-Furnished,Urban,No,9,2,23,4343520
5,2489,Unfurnished,Rural,Yes,5,1,18,8533410
2,1161,Furnished,Rural,Yes,8,0,9,4280917
3,1048,Unfurnished,Urban,Yes,10,0,23,4707450
5,811,Semi-Furnished,Urban,Yes,9,3,7,5818321
1,1582,Semi-Furnished,Rural,No,3,1,20,4257194
2,2237,Unfurnished,Rural,No,6,0,23,6262966
2,1254,Furnished,Rural,No,5,1,5,4870461
2,534,Furnished,Rural,No,1,0,20,2251113
3,944,Semi-Furnished,Urban,Yes,9,2,24,5131297
5,2640,Semi-Furnished,Urban,Yes,10,0,29,9437187
5,2482,Furnished,Rural,No,10,3,6,9566890
1,1730,Unfurnished,Suburban,No,10,2,23,4904210
1,852,Semi-Furnished,Suburban,Yes,7,3,0,4041469
2,1402,Furnished,Urban,No,6,2,26,5435449
1,1855,Semi-Furnished,Rural,No,6,1,17,5411582
3,2248,Unfurnished,Rural,Yes,7,3,23,7235112
5,658,Furnished,Urban,No,10,0,27,4930521
2,2477,Semi-Furnished,Suburban,Yes,0,1,24,7706598
1,1456,Unfurnished,Suburban,Yes,0,0,19,4428338
3,2571,Semi-Furnished,Suburban,No,7,2,11,8570729
3,903,Unfurnished,Urban,Yes,3,2,15,4688365
1,1015,Unfurnished,Suburban,No,4,0,9,3254680
5,1887,Furnished,Urban,Yes,7,0,26,8184970
1,1455,Unfurnished,Urban,No,4,1,9,4955748
2,2699,Semi-Furnished,Rural,No,9,0,13,7704401
1,2212,Unfurnished,Suburban,No,3,3,24,6559598
3,1107,Unfurnished,Urban,Yes,5,3,19,5622201
1,2967,Furnished,Suburban,Yes,4,0,9,8627375
5,1773,Unfurnished,Suburban,No,6,3,9,7776254
4,2035,Unfurnished,Rural,Yes,9,0,25,6650232
1,2882,Semi-Furnished,Suburban,No,6,1,24,8092571
5,1941,Furnished,Rural,No,3,3,10,8126447
5,2297,Furnished,Urban,Yes,4,3,22,9370236
3,794,Furnished,Suburban,No,2,0,1,4283595
5,1254,Unfurnished,Urban,Yes,3,3,24,6611300
5,1894,Furnished,Suburban,No,3,2,19,7803246
5,685,Unfurnished,Urban,Yes,2,1,7,5592670
5,1769,Unfurnished,Suburban,No,9,1,29,6761764
2,1136,Semi-Furnished,Suburban,No,4,3,22,4288724
2,1791,Semi-Furnished,Suburban,Yes,4,3,28,6282638
3,1029,Semi-Furnished,Suburban,No,10,2,6,4989617
1,2568,Semi-Furnished,Suburban,No,6,2,7,7651670
5,1293,Semi-Furnished,Suburban,Yes,3,3,0,7315774
1,2647,Unfurnished,Suburban,No,3,3,20,7673695
1,977,Unfurnished,Suburban,Yes,8,2,1,3486857
3,2122,Furnished,Suburban,No,5,0,17,7159106
5,1439,Unfurnished,Urban,Yes,3,2,14,7105131
5,1025,Unfurnished,Rural,No,1,0,0,5158372
4,2881,Semi-Furnished,Suburban,No,5,1,4,9347536
1,501,Unfurnished,Rural,No,1,1,1,2392301
1,874,Semi-Furnished,Suburban,Yes,4,2,19,3611205
2,2840,Furnished,Suburban,Yes,5,0,2,9189775
4,1052,Furnished,Urban,Yes,3,2,18,6306313
2,2865,Unfurnished,Urban,Yes,2,2,17,9691230
2,2025,Furnished,Rural,No,6,0,28,6076649
2,2351,Unfurnished,Urban,No,1,2,21,7747262
3,880,Furnished,Urban,Yes,10,1,17,5036138
3,2146,Semi-Furnished,Rural,Yes,5,3,13,7526694
2,513,Semi-Furnished,Urban,Yes,3,3,29,3357340
4,1003,Semi-Furnished,Suburban,No,5,2,23,4782277
1,2778,Semi-Furnished,Rural,Yes,3,0,7,7667597
4,2508,Unfurnished,Rural,Yes,3,0,28,7739888
5,629,Furnished,Suburban,No,3,1,29,4427325
3,1337,Unfurnished,Urban,No,8,0,11,5085566
1,2540,Semi-Furnished,Rural,Yes,6,0,20,6988183
1,527,Unfurnished,Rural,No,2,1,9,1780233
5,2613,Furnished,Suburban,Yes,2,2,22,10021887
5,1752,Unfurnished,Suburban,No,5,3,19,7245573
2,760,Furnished,Urban,Yes,5,1,16,4845372
3,2546,Unfurnished,Rural,Yes,3,2,10,8537023
3,1972,Furnished,Urban,Yes,8,1,1,7811091
4,1947,Furnished,Urban,Yes,3,2,25,8214073
2,959,Semi-Furnished,Suburban,No,8,1,25,3525898
2,800,Furnished,Rural,No,3,2,3,3437104
2,2834,Semi-Furnished,Rural,No,1,1,0,8166985
2,1129,Semi-Furnished,Rural,No,1,2,14,4128943
3,769,Semi-Furnished,Suburban,Yes,4,1,12,4096223
3,2493,Unfurnished,Suburban,Yes,3,3,7,8936065
2,2128,Unfurnished,Suburban,No,6,3,24,6888756
4,2301,Unfurnished,Suburban,No,10,0,3,8367282
1,1361,Unfurnished,Suburban,No,4,2,9,4252022
1,1780,Furnished,Rural,No,5,1,18,5235073
4,2680,Furnished,Urban,No,9,2,17,9986490
2,2299,Unfurnished,Rural,Yes,3,3,4,7322664
3,2206,Furnished,Urban,Yes,1,2,29,8080645
1,2860,Furnished,Suburban,Yes,9,1,18,8861904
5,1075,Semi-Furnished,Urban,No,8,2,25,6032999
5,2503,Semi-Furnished,Rural,No,9,1,22,8794693
4,1807,Semi-Furnished,Rural,No,6,3,26,6483084
2,2456,Semi-Furnished,Urban,No,3,3,21,7926143
1,2520,Furnished,Suburban,Yes,2,3,15,7936110
2,2712,Unfurnished,Suburban,Yes,9,0,0,8455195
1,2852,Furnished,Rural,No,2,3,11,8047155
4,2155,Furnished,Urban,Yes,8,2,23,8725531
4,2079,Furnished,Suburban,Yes,4,0,1,7939798
5,2347,Semi-Furnished,Suburban,No,2,3,20,8793490
2,2703,Semi-Furnished,Rural,No,4,2,24,7911682
5,1890,Semi-Furnished,Suburban,No,1,2,7,8105758
2,2242,Unfurnished,Urban,No,10,2,17,7286624
5,2425,Furnished,Rural,No,3,1,24,8428947
3,1119,Unfurnished,Rural,No,9,0,15,3792019
3,1774,Semi-Furnished,Urban,Yes,1,2,4,7380346
3,1456,Unfurnished,Rural,Yes,1,1,25,5218903
3,2439,Furnished,Suburban,No,7,3,29,8453149
1,2881,Furnished,Suburban,Yes,0,2,21,8583193
3,1468,Semi-Furnished,Urban,No,6,1,12,5849301
4,1816,Semi-Furnished,Suburban,No,4,2,18,7133568
4,1543,Unfurnished,Urban,No,10,0,28,5932793
1,781,Semi-Furnished,Urban,No,7,0,2,3308849
3,2666,Semi-Furnished,Suburban,Yes,0,3,25,9280055
3,1558,Furnished,Urban,No,10,2,7,6920423
3,697,Semi-Furnished,Suburban,Yes,6,1,26,3804094
5,1582,Semi-Furnished,Rural,No,4,3,25,6350616
2,1684,Furnished,Rural,No,3,2,25,5452279
5,1508,Furnished,Urban,No,6,3,11,7912531
2,1729,Unfurnished,Suburban,Yes,9,1,1,6077373
3,1535,Semi-Furnished,Suburban,No,1,3,10,6457722
3,989,Furnished,Rural,No,0,3,11,4861049
5,775,Unfurnished,Rural,No,0,3,27,4680246
5,2789,Unfurnished,Suburban,Yes,10,2,17,10193548
2,1739,Semi-Furnished,Urban,Yes,0,1,12,6674978
4,1774,Semi-Furnished,Rural,Yes,4,0,4,7137837
2,625,Unfurnished,Urban,No,9,2,21,3331978
5,716,Furnished,Urban,Yes,6,0,11,5469753
5,1708,Unfurnished,Rural,No,1,0,1,6660291
1,1746,Semi-Furnished,Urban,Yes,9,2,4,6432710
5,2974,Furnished,Urban,Yes,7,2,6,11356887
1,1418,Furnished,Suburban,No,3,1,25,4466348
4,1817,Unfurnished,Urban,Yes,2,1,25,7511809
2,2698,Semi-Furnished,Suburban,No,9,3,23,7896749
2,2931,Unfurnished,Rural,No,10,0,11,8414396
1,2161,Unfurnished,Rural,Yes,7,1,15,6276974
2,807,Unfurnished,Suburban,No,1,3,22,3335547
5,1859,Furnished,Rural,No,10,1,7,7666178
3,2469,Furnished,Urban,Yes,10,2,29,8893129
1,1391,Semi-Furnished,Urban,Yes,2,1,27,5133498
2,874,Semi-Furnished,Urban,No,2,0,8,4221536
1,2533,Unfurnished,Rural,Yes,9,1,14,6722485
1,1864,Unfurnished,Urban,No,10,0,4,5997452
3,628,Unfurnished,Rural,No,0,2,12,3088874
5,1514,Semi-Furnished,Urban,Yes,5,0,4,7521566
1,2299,Furnished,Suburban,Yes,1,1,10,7151865
2,1881,Furnished,Rural,Yes,0,3,9,7022127
4,1016,Unfurnished,Rural,Yes,1,2,19,4968012
1,2018,Unfurnished,Urban,No,5,1,12,6107045
1,585,Unfurnished,Rural,No,3,2,8,1835577
3,1698,Unfurnished,Rural,Yes,5,2,20,5867865
5,2858,Semi-Furnished,Suburban,Yes,8,1,13,10521900
4,1642,Furnished,Suburban,No,9,1,17,6763041
2,2974,Unfurnished,Urban,No,9,3,14,9655626
4,2493,Semi-Furnished,Suburban,No,7,2,9,9110483
2,2661,Unfurnished,Urban,No,0,2,23,8486413
5,802,Unfurnished,Urban,Yes,7,1,6,5700371
2,1087,Furnished,Urban,No,8,0,7,4499640
3,1486,Unfurnished,Rural,No,5,1,27,4785860
3,2363,Furnished,Suburban,Yes,9,2,2,8979517
3,844,Furnished,Urban,No,4,1,14,4669695
3,1313,Furnished,Suburban,No,5,3,15,5833118
4,2487,Semi-Furnished,Urban,Yes,5,0,3,9393750
5,1810,Semi-Furnished,Suburban,Yes,8,1,20,7469037
2,2499,Furnished,Suburban,Yes,3,3,5,8672831
2,2177,Unfurnished,Urban,No,1,2,0,7604309
3,1827,Furnished,Rural,No,10,1,3,6426362
3,1592,Unfurnished,Suburban,Yes,10,2,10,6232857
1,2908,Furnished,Rural,Yes,8,3,11,8512107
5,1509,Unfurnished,Rural,No,1,2,25,6296348
4,1203,Semi-Furnished,Urban,Yes,9,3,28,6138608
2,1074,Unfurnished,Urban,Yes,8,3,4,5445551
1,2108,Furnished,Urban,Yes,1,3,22,7585749
1,1612,Semi-Furnished,Suburban,No,7,1,28,4703790
2,1187,Unfurnished,Urban,No,8,2,20,4465810
4,988,Unfurnished,Urban,No,9,2,15,4852820
1,1847,Unfurnished,Suburban,No,8,0,12,4983092
1,993,Unfurnished,Suburban,No,9,0,12,2867733
5,2167,Unfurnished,Urban,No,8,0,16,8673193
4,2137,Semi-Furnished,Urban,Yes,1,0,26,8145664
1,518,Semi-Furnished,Urban,No,3,2,6,3052920
4,2944,Semi-Furnished,Urban,No,6,3,7,10225915
2,1500,Semi-Furnished,Rural,Yes,1,3,12,5220406
3,1350,Furnished,Rural,No,0,1,22,5162415
1,1888,Semi-Furnished,Urban,No,2,3,26,6207354
5,1854,Unfurnished,Rural,Yes,3,2,15,7405558
2,1867,Unfurnished,Suburban,Yes,7,2,29,6200468
4,1321,Semi-Furnished,Rural,Yes,5,2,28,5869659
2,954,Unfurnished,Rural,No,10,1,3,3430791
1,2124,Semi-Furnished,Urban,Yes,1,0,7,6983873
4,1210,Unfurnished,Rural,No,8,3,15,5213519
3,2690,Furnished,Rural,No,1,2,20,9003421
2,1416,Furnished,Rural,No,4,2,9,4640128
1,1996,Semi-Furnished,Rural,No,3,0,24,5346644
5,1940,Semi-Furnished,Suburban,Yes,6,2,11,8307039
4,804,Semi-Furnished,Urban,Yes,7,3,11,5653354
2,1235,Unfurnished,Urban,No,4,1,25,4406025
2,2838,Semi-Furnished,Suburban,Yes,9,2,4,9205206
3,2463,Furnished,Rural,No,4,3,15,8349782
3,2649,Unfurnished,Suburban,No,1,2,0,9445082
5,2509,Semi-Furnished,Rural,No,7,0,27,8594107
5,1461,Unfurnished,Suburban,Yes,1,2,8,6822886
1,1526,Unfurnished,Urban,No,9,2,11,5110248
1,2632,Semi-Furnished,Urban,No,5,1,4,8059317
5,2875,Unfurnished,Urban,Yes,7,0,21,10008371
5,1973,Furnished,Rural,Yes,5,0,19,7686481
4,2447,Furnished,Rural,Yes,3,1,21,8694065
3,1677,Unfurnished,Suburban,Yes,3,2,27,5897653
1,1164,Semi-Furnished,Suburban,No,5,3,23,4209696
3,511,Unfurnished,Urban,Yes,3,0,2,3935054
3,1656,Furnished,Rural,No,7,0,4,5813153
5,803,Unfurnished,Suburban,Yes,8,2,1,5459194
4,2263,Unfurnished,Rural,Yes,0,2,13,8317164
2,542,Furnished,Rural,Yes,3,0,1,3181709
4,1443,Unfurnished,Urban,Yes,3,2,12,6769256
4,2890,Unfurnished,Urban,Yes,1,3,6,10607463
3,1849,Semi-Furnished,Rural,Yes,5,0,9,6457821
4,2911,Semi-Furnished,Rural,No,2,3,12,9585147
1,1390,Furnished,Rural,Yes,6,3,15,4404050
3,2974,Furnished,Rural,Yes,10,2,25,9843435
1,1504,Furnished,Urban,Yes,10,3,13,5981064
2,520,Semi-Furnished,Suburban,Yes,4,2,10,3379629
3,906,Furnished,Urban,No,3,1,9,4923418
2,1514,Furnished,Suburban,Yes,4,2,5,5937976
3,835,Furnished,Rural,Yes,7,3,3,4640315
5,2338,Semi-Furnished,Suburban,Yes,2,1,20,8675121
4,1647,Unfurnished,Urban,Yes,6,2,0,7972917
5,2946,Furnished,Urban,No,5,3,6,11148097
2,2327,Unfurnished,Rural,Yes,0,0,23,6451106
4,1214,Furnished,Urban,No,6,0,8,5986948
3,550,Unfurnished,Rural,Yes,6,2,7,3592615
4,823,Semi-Furnished,Urban,No,0,2,4,5280401
1,1288,Semi-Furnished,Urban,No,8,0,18,4112772
4,640,Furnished,Rural,Yes,5,3,9,4820867
1,969,Unfurnished,Suburban,Yes,1,3,10,4018700
4,1286,Semi-Furnished,Urban,No,4,3,24,6292686
1,2325,Furnished,Suburban,No,10,2,14,7275646
2,1857,Furnished,Urban,Yes,3,1,5,7671372
5,2416,Semi-Furnished,Urban,No,6,1,14,9847018
3,1463,Semi-Furnished,Urban,No,7,1,4,6090156
4,872,Furnished,Urban,No,10,1,28,5294776
5,2192,Unfurnished,Suburban,Yes,10,1,18,8546633
3,1679,Unfurnished,Suburban,No,0,2,21,6077319
3,2838,Unfurnished,Urban,No,4,2,18,8996545
1,2171,Furnished,Urban,No,2,1,9,7063422
2,605,Semi-Furnished,Suburban,Yes,0,2,11,3329935
2,1943,Furnished,Rural,Yes,2,2,21,6603111
5,2181,Semi-Furnished,Rural,No,5,1,3,8456716
2,501,Unfurnished,Suburban,Yes,6,3,17,2647602
4,2637,Unfurnished,Urban,No,7,2,15,9388093
2,849,Semi-Furnished,Urban,Yes,10,3,7,4956872
5,1786,Semi-Furnished,Rural,Yes,3,2,3,7667664
2,1562,Furnished,Rural,No,2,2,24,5270812
4,2706,Unfurnished,Suburban,Yes,4,1,22,9245233
1,2859,Furnished,Rural,Yes,8,2,11,8495832
5,944,Furnished,Suburban,Yes,5,0,1,5885737
1,2845,Furnished,Rural,No,8,0,3,7709183
1,1451,Unfurnished,Rural,Yes,5,1,4,4273193
1,535,Furnished,Rural,Yes,1,3,2,3089370
3,1607,Furnished,Urban,No,4,3,8,7011391
3,1975,Furnished,Urban,Yes,10,3,28,7799797
1,2298,Furnished,Urban,Yes,8,0,20,7260221
5,2345,Furnished,Rural,Yes,7,3,17,9111462
4,1908,Furnished,Suburban,Yes,6,3,10,8329382
4,1695,Unfurnished,Suburban,Yes,0,1,2,6980451
2,1899,Furnished,Suburban,No,3,3,29,6149287
5,2208,Semi-Furnished,Suburban,No,6,0,24,8288730
3,1885,Furnished,Urban,Yes,10,0,22,7231524
1,2688,Furnished,Urban,Yes,6,0,1,8706279
2,1800,Unfurnished,Rural,Yes,5,1,8,6111515
4,1743,Unfurnished,Rural,No,7,1,13,6243387
3,1020,Semi-Furnished,Suburban,No,10,2,3,4947836
3,2306,Semi-Furnished,Urban,Yes,5,3,28,8219215
1,509,Unfurnished,Suburban,Yes,9,1,8,2418566
4,1483,Unfurnished,Rural,No,2,0,12,5589405
5,2925,Furnished,Rural,Yes,3,0,17,9861425
3,2156,Unfurnished,Suburban,No,2,1,14,7200169
1,2160,Semi-Furnished,Rural,No,0,1,27,5730158
5,2699,Furnished,Suburban,Yes,9,1,9,10325757
4,1219,Semi-Furnished,Urban,No,4,2,15,6254931
3,1572,Furnished,Suburban,Yes,0,0,11,6376887
5,1358,Unfurnished,Urban,Yes,0,2,19,7210614
5,1816,Semi-Furnished,Urban,Yes,1,2,4,8361282
5,2103,Furnished,Rural,Yes,3,3,1,8914684
3,549,Furnished,Rural,Yes,5,0,9,3409393
3,645,Unfurnished,Rural,Yes,7,0,0,3198649
2,1414,Unfurnished,Suburban,No,2,1,6,5156259
4,1962,Unfurnished,Suburban,No,0,1,25,7419934
1,2789,Semi-Furnished,Rural,No,2,3,16,7799098
5,1080,Furnished,Suburban,No,2,2,15,6101004
2,2084,Unfurnished,Rural,Yes,4,1,26,6156903
1,982,Semi-Furnished,Suburban,No,10,1,26,3042283
2,1749,Semi-Furnished,Urban,No,3,0,23,5548347
3,1172,Semi-Furnished,Urban,No,3,0,2,5248845
5,1130,Unfurnished,Rural,Yes,8,1,13,5236608
1,1161,Unfurnished,Suburban,No,6,0,9,3963320
1,2966,Furnished,Suburban,Yes,3,3,21,9021978
1,1487,Furnished,Urban,No,2,1,6,5378316
1,2046,Unfurnished,Urban,Yes,5,0,25,6392830
1,1149,Semi-Furnished,Rural,Yes,2,3,16,3778149
2,1468,Semi-Furnished,Urban,No,5,0,29,4936627
5,1600,Semi-Furnished,Rural,Yes,10,0,5,6913614
3,940,Furnished,Urban,Yes,10,0,22,5115753
3,1420,Semi-Furnished,Urban,No,8,1,21,5880337
3,1269,Furnished,Suburban,No,5,2,3,5762165
3,1843,Furnished,Urban,No,3,0,16,7003123
2,2326,Semi-Furnished,Urban,Yes,4,3,26,8125047
4,762,Semi-Furnished,Rural,Yes,5,1,8,4435330
5,2077,Unfurnished,Urban,Yes,10,1,3,8676505
1,1498,Unfurnished,Rural,No,2,3,6,4584215
4,1199,Semi-Furnished,Urban,Yes,7,0,22,5642762
3,2849,Furnished,Urban,Yes,3,2,1,10418716
4,2103,Furnished,Rural,Yes,7,0,16,7541370
5,1741,Furnished,Suburban,Yes,9,3,23,8450376
1,1625,Furnished,Rural,Yes,9,1,7,5264521
1,2835,Furnished,Rural,Yes,2,2,22,7866652
5,1690,Unfurnished,Rural,Yes,9,1,29,6568163
5,1505,Semi-Furnished,Suburban,No,6,3,14,7136371
3,535,Unfurnished,Urban,No,10,0,14,3692172
1,1243,Furnished,Rural,No,8,2,7,4049609
4,2264,Furnished,Rural,Yes,3,1,15,7893514
2,852,Furnished,Suburban,Yes,7,1,18,4183367
2,2422,Furnished,Rural,No,2,1,10,7128880
5,572,Semi-Furnished,Urban,Yes,6,0,1,5122768
3,1876,Furnished,Suburban,No,2,2,22,6798475
2,2414,Semi-Furnished,Urban,Yes,6,0,23,7861073
1,1593,Furnished,Urban,Yes,10,0,16,5800332
5,2972,Semi-Furnished,Suburban,No,9,0,27,9853273
4,1207,Unfurnished,Rural,No,9,3,25,4912754
5,2304,Furnished,Urban,No,10,3,15,9607145
4,1455,Semi-Furnished,Urban,No,10,3,24,6637419
5,2975,Unfurnished,Urban,No,5,2,14,10777065
5,659,Furnished,Urban,Yes,1,0,12,5494701
5,2696,Furnished,Suburban,Yes,10,0,14,10228767
4,2235,Furnished,Suburban,Yes,2,3,26,8696026
4,2085,Semi-Furnished,Urban,No,5,0,3,8243217
5,566,Semi-Furnished,Rural,No,3,0,15,3498555
2,2928,Unfurnished,Urban,No,5,1,29,8700045
3,557,Semi-Furnished,Rural,No,0,0,11,2968401
3,841,Semi-Furnished,Urban,No,9,1,29,4318288
3,1653,Furnished,Rural,No,0,0,3,5834029
4,1695,Furnished,Urban,Yes,2,2,2,7865692
4,1732,Furnished,Rural,Yes,7,3,21,6945179
2,2901,Furnished,Urban,Yes,7,1,16,9689782
3,1994,Furnished,Urban,Yes,10,3,21,8221776
3,2321,Furnished,Rural,Yes,3,1,17,7731007
5,615,Furnished,Suburban,No,5,1,24,4689092
4,1161,Unfurnished,Rural,No,7,1,17,4737195
3,1965,Unfurnished,Suburban,No,6,2,22,6647642
2,3000,Unfurnished,Urban,No,10,0,27,8717723
2,2368,Unfurnished,Rural,No,6,1,16,6899322
3,2834,Furnished,Rural,No,3,2,11,9130115
4,1516,Unfurnished,Rural,Yes,8,1,22,6255165
2,810,Furnished,Suburban,No,9,0,20,3254555
5,707,Unfurnished,Suburban,No,5,1,23,4461120
2,2993,Semi-Furnished,Urban,No,10,2,3,9616659
1,1132,Unfurnished,Suburban,No,2,0,11,3336142
1,2602,Unfurnished,Suburban,Yes,4,2,25,7502826
4,1156,Furnished,Urban,Yes,4,0,22,5977470
3,1923,Unfurnished,Rural,No,4,0,21,6471134
